portfolio,mean_20d_return,median_20d_return,p05_20d_return,p25_20d_return,positive_window_rate
strategy,0.008731553732648506,0.010881380297498943,-0.04586293346837014,-0.008420861414601896,0.6608594657375145
equal_weight,0.005504149858505418,0.005064723666922094,-0.022687288960707125,-0.0056095914253947166,0.6329849012775842
acwi_only,0.01002827535288337,0.014619663881512368,-0.06161557313538213,-0.010642788696519911,0.6666666666666666
